[
  {
    "id": "9d95d2af-1d44-4d3a-81dc-dcce2d63465e",
    "data": [
      {
        "text": "Social Squared 2016",
        "alias": "Product",
        "meta": "@Products",
        "userDefined": false
      },
      {
        "text": " problem",
        "userDefined": false
      }
    ],
    "isTemplate": false,
    "count": 0,
    "updated": 1551534060
  },
  {
    "id": "69f183da-d08a-4669-964d-13dcfb298bff",
    "data": [
      {
        "text": "SPFx",
        "alias": "Product",
        "meta": "@Products",
        "userDefined": false
      },
      {
        "text": " issue",
        "userDefined": false
      }
    ],
    "isTemplate": false,
    "count": 0,
    "updated": 1551534060
  },
  {
    "id": "dcc4384f-6b3d-4931-b4a7-7e72dfe6a3fd",
    "data": [
      {
        "text": "Spfx",
        "alias": "Product",
        "meta": "@Products",
        "userDefined": false
      },
      {
        "text": " bug",
        "userDefined": false
      }
    ],
    "isTemplate": false,
    "count": 0,
    "updated": 1551534060
  },
  {
    "id": "90dba849-3206-42fa-9e06-9ba0e044bf25",
    "data": [
      {
        "text": "Social Squared 2019",
        "alias": "Product",
        "meta": "@Products",
        "userDefined": false
      },
      {
        "text": " bug",
        "userDefined": false
      }
    ],
    "isTemplate": false,
    "count": 0,
    "updated": 1551534060
  },
  {
    "id": "55891124-d764-4681-b9e0-a530b3db7598",
    "data": [
      {
        "text": "Office 365",
        "alias": "Product",
        "meta": "@Products",
        "userDefined": false
      },
      {
        "text": " bug",
        "userDefined": false
      }
    ],
    "isTemplate": false,
    "count": 0,
    "updated": 1551534060
  },
  {
    "id": "5546587c-ef13-4a12-b8c9-b49b61d14c47",
    "data": [
      {
        "text": "SharePoint Online",
        "alias": "Product",
        "meta": "@Products",
        "userDefined": false
      },
      {
        "text": " version bug",
        "userDefined": false
      }
    ],
    "isTemplate": false,
    "count": 0,
    "updated": 1551534060
  },
  {
    "id": "3331f9c0-110d-49ce-99e1-64d177e34a87",
    "data": [
      {
        "text": "on-prem 2019",
        "alias": "Product",
        "meta": "@Products",
        "userDefined": false
      },
      {
        "text": " issue",
        "userDefined": false
      }
    ],
    "isTemplate": false,
    "count": 0,
    "updated": 1551531999
  },
  {
    "id": "7db6a931-936d-447f-b85f-6dac8d734507",
    "data": [
      {
        "text": "on premise issue",
        "userDefined": false
      }
    ],
    "isTemplate": false,
    "count": 0,
    "updated": 1551531999
  },
  {
    "id": "d31b5470-fe1c-4167-941d-b2bd23e2eed1",
    "data": [
      {
        "text": "client-side web part",
        "alias": "Product",
        "meta": "@Products",
        "userDefined": false
      },
      {
        "text": " issue",
        "userDefined": false
      }
    ],
    "isTemplate": false,
    "count": 0,
    "updated": 1551531999
  },
  {
    "id": "d5c7b152-904c-44dd-a2d6-7640b09ffda2",
    "data": [
      {
        "text": "social squared issue",
        "userDefined": false
      }
    ],
    "isTemplate": false,
    "count": 0,
    "updated": 1551531999
  },
  {
    "id": "83a684dc-43cc-49a5-8e98-9bd85faf612d",
    "data": [
      {
        "text": "to fix a bug",
        "userDefined": false
      }
    ],
    "isTemplate": false,
    "count": 0,
    "updated": 1551531999
  },
  {
    "id": "b65780fd-dbbf-4996-9710-199c8275ec40",
    "data": [
      {
        "text": "send bug request",
        "userDefined": false
      }
    ],
    "isTemplate": false,
    "count": 0,
    "updated": 1551531999
  },
  {
    "id": "f8e97eb6-003a-4896-9d27-ab6f2164577a",
    "data": [
      {
        "text": "Bag reporting",
        "userDefined": false
      }
    ],
    "isTemplate": false,
    "count": 0,
    "updated": 1551286771
  },
  {
    "id": "0cd5a58b-30eb-4ff1-bbbb-92cd9c222b49",
    "data": [
      {
        "text": "Bug report",
        "userDefined": false
      }
    ],
    "isTemplate": false,
    "count": 0,
    "updated": 1551286726
  },
  {
    "id": "2069ce9e-9310-4def-9a13-b44afe657b8f",
    "data": [
      {
        "text": "There is an issue",
        "userDefined": false
      }
    ],
    "isTemplate": false,
    "count": 0,
    "updated": 1551278461
  },
  {
    "id": "8c0e6f85-3f45-4181-ae3e-4cc6c1d78bfa",
    "data": [
      {
        "text": "Spfx",
        "alias": "Product",
        "meta": "@Products",
        "userDefined": false
      },
      {
        "text": " not working at all",
        "userDefined": false
      }
    ],
    "isTemplate": false,
    "count": 0,
    "updated": 1551278461
  },
  {
    "id": "e5b11244-9b28-45d7-8681-b28599cef456",
    "data": [
      {
        "text": "2013",
        "alias": "Product",
        "meta": "@Products",
        "userDefined": false
      },
      {
        "text": " not working properly",
        "userDefined": false
      }
    ],
    "isTemplate": false,
    "count": 0,
    "updated": 1551278461
  },
  {
    "id": "6334dc38-c1fa-4857-9d9d-d249ccd3720f",
    "data": [
      {
        "text": "I have  ",
        "userDefined": false
      },
      {
        "text": "Social Squared 2010",
        "alias": "Product",
        "meta": "@Products",
        "userDefined": false
      },
      {
        "text": " problem",
        "userDefined": false
      }
    ],
    "isTemplate": false,
    "count": 0,
    "updated": 1551278461
  },
  {
    "id": "69af1050-4952-49c0-9e86-7bbe94dbd23d",
    "data": [
      {
        "text": "I want to open a ticket",
        "userDefined": false
      }
    ],
    "isTemplate": false,
    "count": 0,
    "updated": 1551278461
  }
]