[
  {
    "id": "17515180-8cb6-491f-9293-b772baaf0b77",
    "data": [
      {
        "text": "web part customization",
        "userDefined": false
      }
    ],
    "isTemplate": false,
    "count": 0,
    "updated": 1551631049
  },
  {
    "id": "acbcd96d-56fb-439c-a00f-61912174b4e0",
    "data": [
      {
        "text": "customization information for products",
        "userDefined": false
      }
    ],
    "isTemplate": false,
    "count": 0,
    "updated": 1551631049
  },
  {
    "id": "3f43b781-5d89-4127-9913-7ab48b84a951",
    "data": [
      {
        "text": "new customization request",
        "userDefined": false
      }
    ],
    "isTemplate": false,
    "count": 0,
    "updated": 1551631049
  },
  {
    "id": "034974d0-2530-49fb-bfdd-1a992e51d7bd",
    "data": [
      {
        "text": "order ",
        "userDefined": false
      },
      {
        "text": "SPFx",
        "alias": "Product",
        "meta": "@Products",
        "userDefined": false
      },
      {
        "text": " customization",
        "userDefined": false
      }
    ],
    "isTemplate": false,
    "count": 0,
    "updated": 1551631049
  },
  {
    "id": "5f187592-a32d-4e9a-8fc1-db2c6bbdf7c2",
    "data": [
      {
        "text": "order product customization",
        "userDefined": false
      }
    ],
    "isTemplate": false,
    "count": 0,
    "updated": 1551631049
  },
  {
    "id": "6619641d-a7a0-42c8-a271-f6121bec40cb",
    "data": [
      {
        "text": "paid customization for ",
        "userDefined": false
      },
      {
        "text": "Social Squared 2010",
        "alias": "Product",
        "meta": "@Products",
        "userDefined": false
      }
    ],
    "isTemplate": false,
    "count": 0,
    "updated": 1551631049
  },
  {
    "id": "84cd7307-2235-43e8-9fcc-cd6436e01327",
    "data": [
      {
        "text": "ask for customization",
        "userDefined": false
      }
    ],
    "isTemplate": false,
    "count": 0,
    "updated": 1551631049
  },
  {
    "id": "fb3b505d-2c83-4e29-bc8f-e70d6ceecb44",
    "data": [
      {
        "text": "can we apply for ",
        "userDefined": false
      },
      {
        "text": "Social Squared 2016",
        "alias": "Product",
        "meta": "@Products",
        "userDefined": false
      },
      {
        "text": " customization?",
        "userDefined": false
      }
    ],
    "isTemplate": false,
    "count": 0,
    "updated": 1551631049
  },
  {
    "id": "d372a346-b316-4ae8-8634-128a3340704b",
    "data": [
      {
        "text": "Is it possible to customize ",
        "userDefined": false
      },
      {
        "text": "client-side web part",
        "alias": "Product",
        "meta": "@Products",
        "userDefined": false
      },
      {
        "text": "?",
        "userDefined": false
      }
    ],
    "isTemplate": false,
    "count": 0,
    "updated": 1551631049
  },
  {
    "id": "1e12da77-fbf8-4c1c-8edc-64c70b1ac848",
    "data": [
      {
        "text": "I want to customize ",
        "userDefined": false
      },
      {
        "text": "Social Squared 2013",
        "alias": "Product",
        "meta": "@Products",
        "userDefined": false
      }
    ],
    "isTemplate": false,
    "count": 0,
    "updated": 1551631049
  },
  {
    "id": "a5685e96-077c-4f17-84e9-1cc4193bda31",
    "data": [
      {
        "text": "to do customization",
        "userDefined": false
      }
    ],
    "isTemplate": false,
    "count": 0
  },
  {
    "id": "538bc7a2-ed31-435c-9f1b-ad4f37a7fc1b",
    "data": [
      {
        "text": "product customization request",
        "userDefined": false
      }
    ],
    "isTemplate": false,
    "count": 0,
    "updated": 1551631049
  },
  {
    "id": "15f945bd-dbf1-4065-b2c2-d3fa2a3ae496",
    "data": [
      {
        "text": "Is it possible to customize ",
        "userDefined": false
      },
      {
        "text": "client-side web part",
        "alias": "Product",
        "meta": "@Products",
        "userDefined": false
      }
    ],
    "isTemplate": false,
    "count": 0,
    "updated": 1551279474
  },
  {
    "id": "9ad826a6-a6cd-4d08-98d7-cd0ad0d2a6ee",
    "data": [
      {
        "text": "I need ",
        "userDefined": false
      },
      {
        "text": "Social Squared 2013",
        "alias": "Product",
        "meta": "@Products",
        "userDefined": false
      },
      {
        "text": " cusotmization",
        "userDefined": false
      }
    ],
    "isTemplate": false,
    "count": 0,
    "updated": 1551279474
  },
  {
    "id": "8a35dd53-1bc7-4665-9c8b-a805d5416f92",
    "data": [
      {
        "text": "Is  it possible to ask for customization",
        "userDefined": false
      }
    ],
    "isTemplate": false,
    "count": 0,
    "updated": 1551279184
  },
  {
    "id": "1c531d0f-9486-4f00-aaae-1e38431ee1ab",
    "data": [
      {
        "text": "Can I request for a customization",
        "userDefined": false
      }
    ],
    "isTemplate": false,
    "count": 0,
    "updated": 1551279184
  },
  {
    "id": "516204f7-43f5-4dd7-80aa-2d53b0ef6dbf",
    "data": [
      {
        "text": "I would like to apply for a customization",
        "userDefined": false
      }
    ],
    "isTemplate": false,
    "count": 0,
    "updated": 1551279184
  }
]