[
  {
    "id": "4c45f227-5db8-47ab-9f4a-ed1afc9335cb",
    "data": [
      {
        "text": "Social Squared 2016",
        "alias": "Product",
        "meta": "@Products",
        "userDefined": false
      },
      {
        "text": " trial download",
        "userDefined": false
      }
    ],
    "isTemplate": false,
    "count": 0,
    "updated": 1551549663
  },
  {
    "id": "8d679446-7aec-4d5f-9394-01930a96ddb9",
    "data": [
      {
        "text": "How can I get it from?",
        "userDefined": false
      }
    ],
    "isTemplate": false,
    "count": 0,
    "updated": 1551620227
  },
  {
    "id": "69d3814b-dc2c-4520-8339-7e4ac0516913",
    "data": [
      {
        "text": "download ",
        "userDefined": false
      },
      {
        "text": "2019",
        "alias": "Product",
        "meta": "@Products",
        "userDefined": false
      }
    ],
    "isTemplate": false,
    "count": 0,
    "updated": 1551554344
  },
  {
    "id": "685f50d0-68b0-4d8e-b0d1-bd8428c8e1f0",
    "data": [
      {
        "text": "download center",
        "userDefined": false
      }
    ],
    "isTemplate": false,
    "count": 0,
    "updated": 1551621674
  },
  {
    "id": "465ba7de-297f-4c3b-8afb-cd6f5e3e6030",
    "data": [
      {
        "text": "download ",
        "userDefined": false
      },
      {
        "text": "2013",
        "alias": "Product",
        "meta": "@Products",
        "userDefined": false
      }
    ],
    "isTemplate": false,
    "count": 0,
    "updated": 1551554344
  },
  {
    "id": "1760f799-6502-4691-986c-a70e911fe3ca",
    "data": [
      {
        "text": "How to get Social Squared",
        "userDefined": false
      }
    ],
    "isTemplate": false,
    "count": 0,
    "updated": 1551549663
  },
  {
    "id": "eed7c6b0-cf9a-4059-8cd4-ff43b49f47b5",
    "data": [
      {
        "text": "download ",
        "userDefined": false
      },
      {
        "text": "2016",
        "alias": "Product",
        "meta": "@Products",
        "userDefined": false
      }
    ],
    "isTemplate": false,
    "count": 0,
    "updated": 1551554344
  },
  {
    "id": "eda86210-77ad-45dc-8587-9af8c6709293",
    "data": [
      {
        "text": "Social Squared 2013",
        "alias": "Product",
        "meta": "@Products",
        "userDefined": false
      },
      {
        "text": " download",
        "userDefined": false
      }
    ],
    "isTemplate": false,
    "count": 0,
    "updated": 1551554344
  },
  {
    "id": "dfbc3a3f-031c-491b-acd9-091acc949e57",
    "data": [
      {
        "text": "Where is the product download page",
        "userDefined": false
      }
    ],
    "isTemplate": false,
    "count": 0,
    "updated": 1551274783
  },
  {
    "id": "806d092d-eaf9-4848-a976-8d1549da173b",
    "data": [
      {
        "text": "What is the link for ",
        "userDefined": false
      },
      {
        "text": "Client side web part",
        "alias": "Product",
        "meta": "@Products",
        "userDefined": false
      },
      {
        "text": "?",
        "userDefined": false
      }
    ],
    "isTemplate": false,
    "count": 0,
    "updated": 1551274783
  },
  {
    "id": "79707c6e-1153-465c-a28e-64036117b6c7",
    "data": [
      {
        "text": "download trial",
        "userDefined": false
      }
    ],
    "isTemplate": false,
    "count": 0,
    "updated": 1551549663
  },
  {
    "id": "e8c51757-deb1-4f03-9457-a5fe0243b726",
    "data": [
      {
        "text": "How do I download ",
        "userDefined": false
      },
      {
        "text": "Social Square 2019",
        "alias": "Product",
        "meta": "@Products",
        "userDefined": false
      }
    ],
    "isTemplate": false,
    "count": 0,
    "updated": 1551549663
  },
  {
    "id": "7eaf87ea-34f2-43b6-923c-222abb50170d",
    "data": [
      {
        "text": "I want to download ",
        "userDefined": false
      },
      {
        "text": "Social Squared 2013",
        "alias": "Product",
        "meta": "@Products",
        "userDefined": false
      },
      {
        "text": " on-prem",
        "userDefined": false
      }
    ],
    "isTemplate": false,
    "count": 0,
    "updated": 1551274783
  },
  {
    "id": "41f50cdc-2b31-417a-9149-48c7dec5a9f6",
    "data": [
      {
        "text": "Download Social Squared  ",
        "userDefined": false
      },
      {
        "text": "2010",
        "alias": "Product",
        "meta": "@Products",
        "userDefined": false
      },
      {
        "text": " trial",
        "userDefined": false
      }
    ],
    "isTemplate": false,
    "count": 0,
    "updated": 1551692508
  },
  {
    "id": "21f3952c-418e-42be-9b78-8940370dcb66",
    "data": [
      {
        "text": "How can I get ",
        "userDefined": false
      },
      {
        "text": "Social Squared 2013",
        "alias": "Product",
        "meta": "@Products",
        "userDefined": true
      },
      {
        "text": "?",
        "userDefined": false
      }
    ],
    "isTemplate": false,
    "count": 0,
    "updated": 1551620227
  },
  {
    "id": "090a90c0-062f-43fb-ad55-6355fa3a5a17",
    "data": [
      {
        "text": "Social Squared ",
        "userDefined": false
      },
      {
        "text": "SPFx",
        "alias": "Product",
        "meta": "@Products",
        "userDefined": false
      },
      {
        "text": " download",
        "userDefined": false
      }
    ],
    "isTemplate": false,
    "count": 0,
    "updated": 1551549663
  },
  {
    "id": "d97d30d6-5a8f-4745-8de4-248998ca809f",
    "data": [
      {
        "text": "download",
        "userDefined": false
      }
    ],
    "isTemplate": false,
    "count": 0,
    "updated": 1551552018
  },
  {
    "id": "9ea31448-07be-401d-826f-6d1f1f5403ea",
    "data": [
      {
        "text": "download ",
        "userDefined": false
      },
      {
        "text": "2010",
        "alias": "Product",
        "meta": "@Products",
        "userDefined": false
      }
    ],
    "isTemplate": false,
    "count": 0,
    "updated": 1551554344
  },
  {
    "id": "5914fe9e-6991-4f36-9667-3301811f276d",
    "data": [
      {
        "text": "Product downloads",
        "userDefined": false
      }
    ],
    "isTemplate": false,
    "count": 0,
    "updated": 1551549663
  },
  {
    "id": "dcb12597-954b-48a2-a23b-01639fc2225a",
    "data": [
      {
        "text": "Where is the product link?",
        "userDefined": false
      }
    ],
    "isTemplate": false,
    "count": 0,
    "updated": 1551549987
  },
  {
    "id": "fce65fd8-2e33-4857-9798-1a91b6d0a7b0",
    "data": [
      {
        "text": "Social Squared download link",
        "userDefined": false
      }
    ],
    "isTemplate": false,
    "count": 0,
    "updated": 1551549663
  },
  {
    "id": "2c76b314-c7a7-4c8a-9fb6-813725d0dd57",
    "data": [
      {
        "text": "client side web part",
        "alias": "Product",
        "meta": "@Products",
        "userDefined": false
      },
      {
        "text": " download",
        "userDefined": false
      }
    ],
    "isTemplate": false,
    "count": 0,
    "updated": 1551549663
  }
]