[
  {
    "id": "9847bf22-7736-4725-a190-27341d32b90b",
    "data": [
      {
        "text": "some tutorials?",
        "userDefined": false
      }
    ],
    "isTemplate": false,
    "count": 0,
    "updated": 1551621737
  },
  {
    "id": "fdca108d-7ad5-42e5-9330-d8b6091813fd",
    "data": [
      {
        "text": "any  doc?",
        "userDefined": false
      }
    ],
    "isTemplate": false,
    "count": 0,
    "updated": 1551621737
  },
  {
    "id": "6f75f583-6340-4a1a-957c-6a4f32254c2e",
    "data": [
      {
        "text": "What about doc?",
        "userDefined": false
      }
    ],
    "isTemplate": false,
    "count": 0,
    "updated": 1551621737
  },
  {
    "id": "5a18cabf-b138-4875-87ea-483b1fa48071",
    "data": [
      {
        "text": "Social Squared videos",
        "userDefined": false
      }
    ],
    "isTemplate": false,
    "count": 0,
    "updated": 1551621655
  },
  {
    "id": "1763657e-d5bf-44d1-94cc-0bc9dea9490f",
    "data": [
      {
        "text": "Social Squared forum ",
        "userDefined": false
      },
      {
        "text": "2010",
        "alias": "Product",
        "meta": "@Products",
        "userDefined": false
      },
      {
        "text": " documentation",
        "userDefined": false
      }
    ],
    "isTemplate": false,
    "count": 0,
    "updated": 1551621563
  },
  {
    "id": "15766584-ff01-4d8e-82c1-e4f4babb1610",
    "data": [
      {
        "text": "forum documentation",
        "userDefined": false
      }
    ],
    "isTemplate": false,
    "count": 0,
    "updated": 1551621563
  },
  {
    "id": "31addb49-7ebc-4693-b56f-5fa10e2310c2",
    "data": [
      {
        "text": "client-side web part",
        "alias": "Product",
        "meta": "@Products",
        "userDefined": false
      },
      {
        "text": " tutorial",
        "userDefined": false
      }
    ],
    "isTemplate": false,
    "count": 0,
    "updated": 1551621563
  },
  {
    "id": "2ca23cd2-7aa8-474b-abe9-5607162d96f4",
    "data": [
      {
        "text": "social squared 2016",
        "alias": "Product",
        "meta": "@Products",
        "userDefined": false
      },
      {
        "text": " tutorial",
        "userDefined": false
      }
    ],
    "isTemplate": false,
    "count": 0,
    "updated": 1551621563
  },
  {
    "id": "ddec1f58-d4d7-4a43-bcc9-4bc8ab10e897",
    "data": [
      {
        "text": "more info on ",
        "userDefined": false
      },
      {
        "text": "Social Squared 2010",
        "alias": "Product",
        "meta": "@Products",
        "userDefined": false
      }
    ],
    "isTemplate": false,
    "count": 0,
    "updated": 1551621563
  },
  {
    "id": "90142e69-7c30-4e30-80c5-734f66f90150",
    "data": [
      {
        "text": "spfx",
        "alias": "Product",
        "meta": "@Products",
        "userDefined": false
      },
      {
        "text": " online documentation",
        "userDefined": false
      }
    ],
    "isTemplate": false,
    "count": 0,
    "updated": 1551621563
  },
  {
    "id": "1de6d5b3-9171-4b37-afb4-2181270b650b",
    "data": [
      {
        "text": "product online documentation",
        "userDefined": false
      }
    ],
    "isTemplate": false,
    "count": 0,
    "updated": 1551621563
  },
  {
    "id": "33a58706-6053-4a2d-b90b-cc67f34fca8c",
    "data": [
      {
        "text": "product manula",
        "userDefined": false
      }
    ],
    "isTemplate": false,
    "count": 0,
    "updated": 1551621563
  },
  {
    "id": "82fdbfde-92e5-40cb-8883-cbaec4434692",
    "data": [
      {
        "text": "2010",
        "alias": "Product",
        "meta": "@Products",
        "userDefined": false
      },
      {
        "text": " manula",
        "userDefined": false
      }
    ],
    "isTemplate": false,
    "count": 0,
    "updated": 1551621563
  },
  {
    "id": "9e7e443b-f262-46ef-b4e7-bc38626d8cdf",
    "data": [
      {
        "text": "spfx",
        "alias": "Product",
        "meta": "@Products",
        "userDefined": false
      },
      {
        "text": " user guide",
        "userDefined": false
      }
    ],
    "isTemplate": false,
    "count": 0,
    "updated": 1551621563
  },
  {
    "id": "f73c5375-ae42-4b90-b7f2-cfd75b8163da",
    "data": [
      {
        "text": "client-side web part",
        "alias": "Product",
        "meta": "@Products",
        "userDefined": false
      },
      {
        "text": " manula",
        "userDefined": false
      }
    ],
    "isTemplate": false,
    "count": 0,
    "updated": 1551621563
  },
  {
    "id": "6ba1ffd9-4659-4c68-9c0f-a5c36051f43f",
    "data": [
      {
        "text": "Social Squared 2019",
        "alias": "Product",
        "meta": "@Products",
        "userDefined": false
      },
      {
        "text": " documentation url",
        "userDefined": false
      }
    ],
    "isTemplate": false,
    "count": 0,
    "updated": 1551621563
  },
  {
    "id": "46c46602-fa46-4016-aeba-7f7deb1e1d4d",
    "data": [
      {
        "text": "Documentation url",
        "userDefined": false
      }
    ],
    "isTemplate": false,
    "count": 0,
    "updated": 1551621563
  },
  {
    "id": "dfd478af-482b-4622-89ba-9c6130a8f1de",
    "data": [
      {
        "text": "Social Squared 2010",
        "alias": "Product",
        "meta": "@Products",
        "userDefined": false
      },
      {
        "text": " documentation link",
        "userDefined": false
      }
    ],
    "isTemplate": false,
    "count": 0,
    "updated": 1551621563
  },
  {
    "id": "8ad19df2-1e70-401d-b2fe-4187c532074e",
    "data": [
      {
        "text": "documentaiton link",
        "userDefined": false
      }
    ],
    "isTemplate": false,
    "count": 0,
    "updated": 1551621563
  },
  {
    "id": "9ec0b1ab-d8b4-4edd-acf9-5a10bc994f53",
    "data": [
      {
        "text": "Product documentation",
        "userDefined": false
      }
    ],
    "isTemplate": false,
    "count": 0,
    "updated": 1551621563
  },
  {
    "id": "3afaba83-d24a-4d46-857c-3d9b8c692f8f",
    "data": [
      {
        "text": "Social Squared 2016",
        "alias": "Product",
        "meta": "@Products",
        "userDefined": false
      },
      {
        "text": " documentation",
        "userDefined": false
      }
    ],
    "isTemplate": false,
    "count": 0,
    "updated": 1551621563
  },
  {
    "id": "bda7c923-9999-4617-a7b1-1ee8b9590466",
    "data": [
      {
        "text": "2019",
        "alias": "Product",
        "meta": "@Products",
        "userDefined": false
      },
      {
        "text": " doc",
        "userDefined": false
      }
    ],
    "isTemplate": false,
    "count": 0,
    "updated": 1551621563
  },
  {
    "id": "3ed6e1f9-558a-4026-9526-54995a20b360",
    "data": [
      {
        "text": "2013",
        "alias": "Product",
        "meta": "@Products",
        "userDefined": false
      },
      {
        "text": " documentation",
        "userDefined": false
      }
    ],
    "isTemplate": false,
    "count": 0,
    "updated": 1551621563
  },
  {
    "id": "59354696-342d-462f-9a85-4bb28ba216cc",
    "data": [
      {
        "text": "Social Squared 2010",
        "alias": "Product",
        "meta": "@Products",
        "userDefined": false
      },
      {
        "text": " documentation",
        "userDefined": false
      }
    ],
    "isTemplate": false,
    "count": 0,
    "updated": 1551621563
  },
  {
    "id": "56cd0c56-d399-4d95-b9cf-8428b4484945",
    "data": [
      {
        "text": "client-side web part",
        "alias": "Product",
        "meta": "@Products",
        "userDefined": false
      },
      {
        "text": " doc",
        "userDefined": false
      }
    ],
    "isTemplate": false,
    "count": 0,
    "updated": 1551621563
  },
  {
    "id": "bc963a0d-3994-43e6-9b50-e34ae223193c",
    "data": [
      {
        "text": "Social Squared documentation",
        "userDefined": false
      }
    ],
    "isTemplate": false,
    "count": 0,
    "updated": 1551621563
  },
  {
    "id": "6189d373-0c77-4ff0-93b7-60abfdfdc4a6",
    "data": [
      {
        "text": "spfx",
        "meta": "@sys.ignore",
        "userDefined": false
      },
      {
        "text": " docuemntation",
        "userDefined": false
      }
    ],
    "isTemplate": false,
    "count": 0,
    "updated": 1551375777
  },
  {
    "id": "6e6da43b-3171-43c0-8f6d-ae730c113d08",
    "data": [
      {
        "text": "Social Squared doc",
        "userDefined": false
      }
    ],
    "isTemplate": false,
    "count": 0,
    "updated": 1551375777
  },
  {
    "id": "7a6c23ee-9a19-4325-b0df-b43840290869",
    "data": [
      {
        "text": "where I can find doc",
        "userDefined": false
      }
    ],
    "isTemplate": false,
    "count": 0,
    "updated": 1551375777
  }
]