[
  {
    "id": "a2acb1a4-c940-42e0-9e5f-2060d9b93517",
    "data": [
      {
        "text": "Feedback",
        "userDefined": false
      }
    ],
    "isTemplate": false,
    "count": 0,
    "updated": 1551288556
  },
  {
    "id": "663983f6-2a7e-476b-b0c1-65c2e68e6890",
    "data": [
      {
        "text": "positive feedback",
        "userDefined": false
      }
    ],
    "isTemplate": false,
    "count": 0,
    "updated": 1551719969
  },
  {
    "id": "77c39782-5d52-452b-a175-4bc699b1d29a",
    "data": [
      {
        "text": "Leave ",
        "userDefined": false
      },
      {
        "text": "Social Squared 2010",
        "meta": "@sys.ignore",
        "userDefined": false
      },
      {
        "text": " feedback",
        "userDefined": false
      }
    ],
    "isTemplate": false,
    "count": 0,
    "updated": 1551720014
  },
  {
    "id": "00eeee41-d8ca-47f6-bd07-927f26edd72a",
    "data": [
      {
        "text": "give Social Squared feedback",
        "userDefined": false
      }
    ],
    "isTemplate": false,
    "count": 0,
    "updated": 1551719969
  },
  {
    "id": "335e79f4-d015-4967-9159-7262dd82cb15",
    "data": [
      {
        "text": "negative feedback",
        "userDefined": false
      }
    ],
    "isTemplate": false,
    "count": 0,
    "updated": 1551719969
  },
  {
    "id": "dbf868f5-2c90-459e-bdb4-bf3a716772d8",
    "data": [
      {
        "text": "I have some feedback",
        "userDefined": false
      }
    ],
    "isTemplate": false,
    "count": 0,
    "updated": 1551287495
  },
  {
    "id": "e5be691a-8d4f-40cb-a588-4666ae0a7949",
    "data": [
      {
        "text": "I\u0027d like to give some feedback on ",
        "userDefined": false
      },
      {
        "text": "Client side web part",
        "meta": "@sys.ignore",
        "userDefined": false
      }
    ],
    "isTemplate": false,
    "count": 0,
    "updated": 1551720014
  },
  {
    "id": "df89988f-414a-447d-990f-d052446aa9c1",
    "data": [
      {
        "text": "Complain on ",
        "userDefined": false
      },
      {
        "text": "Social Squared 2013",
        "meta": "@sys.ignore",
        "userDefined": true
      }
    ],
    "isTemplate": false,
    "count": 0,
    "updated": 1551720014
  }
]