[
  {
    "id": "101f8259-51e9-4739-86f7-19cad2324491",
    "data": [
      {
        "text": "request ",
        "userDefined": false
      },
      {
        "text": "Client side web part",
        "alias": "Product",
        "meta": "@Products",
        "userDefined": false
      },
      {
        "text": " feature",
        "userDefined": false
      }
    ],
    "isTemplate": false,
    "count": 0,
    "updated": 1551629489
  },
  {
    "id": "8021f743-0675-45e1-b2d1-654242c0603d",
    "data": [
      {
        "text": "Have an idea for ",
        "userDefined": false
      },
      {
        "text": "Social Squared 2010",
        "alias": "Product",
        "meta": "@Products",
        "userDefined": false
      }
    ],
    "isTemplate": false,
    "count": 0,
    "updated": 1551628346
  },
  {
    "id": "43e0ec37-397c-4ed8-a39d-611809d8a009",
    "data": [
      {
        "text": "new idea for ",
        "userDefined": false
      },
      {
        "text": "Social Squared 2019",
        "alias": "Product",
        "meta": "@Products",
        "userDefined": false
      }
    ],
    "isTemplate": false,
    "count": 0,
    "updated": 1551628346
  },
  {
    "id": "74ff26ae-776d-41dc-b3bd-a713edd12a72",
    "data": [
      {
        "text": "request 2010 feature",
        "userDefined": false
      }
    ],
    "isTemplate": false,
    "count": 1,
    "updated": 1551629415
  },
  {
    "id": "7e2156e4-907a-4b94-9914-df12295d7f4c",
    "data": [
      {
        "text": "feature for product",
        "userDefined": false
      }
    ],
    "isTemplate": false,
    "count": 0,
    "updated": 1551628346
  },
  {
    "id": "e09fbfcc-8ad3-404e-a881-f6afd5d95067",
    "data": [
      {
        "text": "send feature requerst",
        "userDefined": false
      }
    ],
    "isTemplate": false,
    "count": 0,
    "updated": 1551628346
  },
  {
    "id": "7ee7febd-ae0e-4739-992c-f5b7a403154e",
    "data": [
      {
        "text": "SPFx",
        "alias": "Product",
        "meta": "@Products",
        "userDefined": false
      },
      {
        "text": " feature request",
        "userDefined": false
      }
    ],
    "isTemplate": false,
    "count": 0,
    "updated": 1551628346
  },
  {
    "id": "c59da272-68a0-424a-b80c-86345f130c37",
    "data": [
      {
        "text": "submit feature request",
        "userDefined": false
      }
    ],
    "isTemplate": false,
    "count": 0,
    "updated": 1551628346
  },
  {
    "id": "19b013e5-6f66-4da8-8043-1094f5f08c3e",
    "data": [
      {
        "text": "Client-side web part",
        "alias": "Product",
        "meta": "@Products",
        "userDefined": false
      },
      {
        "text": " feature request",
        "userDefined": false
      }
    ],
    "isTemplate": false,
    "count": 0,
    "updated": 1551628346
  },
  {
    "id": "fac73aac-7ecd-4285-be7e-5ab24cc255f9",
    "data": [
      {
        "text": "I want a new feature",
        "userDefined": false
      }
    ],
    "isTemplate": false,
    "count": 0,
    "updated": 1551279047
  },
  {
    "id": "ec4db5d7-3a80-4ebe-9ab1-a37bc1ba2823",
    "data": [
      {
        "text": "There is a feature I would like to have",
        "userDefined": false
      }
    ],
    "isTemplate": false,
    "count": 0,
    "updated": 1551279047
  },
  {
    "id": "e380f956-3ebc-4dc8-a505-e9a4d12fcec3",
    "data": [
      {
        "text": "Can I request a new feature for ",
        "userDefined": false
      },
      {
        "text": "Social Squared 2016",
        "alias": "Product",
        "meta": "@Products",
        "userDefined": false
      }
    ],
    "isTemplate": false,
    "count": 0,
    "updated": 1551279047
  },
  {
    "id": "54ff1e05-3c0c-4f9e-9d7b-1b2a17376c75",
    "data": [
      {
        "text": "Feature request",
        "userDefined": false
      }
    ],
    "isTemplate": false,
    "count": 0,
    "updated": 1551286738
  },
  {
    "id": "4d8a7f9f-7b2c-44ea-8ec9-c9451e34b706",
    "data": [
      {
        "text": "One more feature for ",
        "userDefined": false
      },
      {
        "text": "Client Side web part",
        "alias": "Product",
        "meta": "@Products",
        "userDefined": false
      }
    ],
    "isTemplate": false,
    "count": 0,
    "updated": 1551279047
  }
]