[
  {
    "id": "a58d40e4-c7e4-48d0-9acc-ceb539a69bbc",
    "data": [
      {
        "text": "I have not used it",
        "userDefined": false
      }
    ],
    "isTemplate": false,
    "count": 0,
    "updated": 1551337277
  },
  {
    "id": "a2a4125e-8582-4e85-96b8-d526289603d7",
    "data": [
      {
        "text": "so-so",
        "userDefined": false
      }
    ],
    "isTemplate": false,
    "count": 0,
    "updated": 1551721974
  },
  {
    "id": "3a4bebb5-7bfc-4026-a53f-fb4e7a3759fb",
    "data": [
      {
        "text": "Not  decided",
        "userDefined": false
      }
    ],
    "isTemplate": false,
    "count": 0,
    "updated": 1551337277
  },
  {
    "id": "a08ad112-d744-4b28-a98a-c6f442b3f8d2",
    "data": [
      {
        "text": "I do not know",
        "userDefined": false
      }
    ],
    "isTemplate": false,
    "count": 0,
    "updated": 1551337277
  },
  {
    "id": "c32e5542-9f7d-44a2-83ca-4283724bb1b5",
    "data": [
      {
        "text": "will try it soon",
        "userDefined": false
      }
    ],
    "isTemplate": false,
    "count": 0,
    "updated": 1551720981
  },
  {
    "id": "526f647f-22e0-4cba-8235-8e820e1e3f16",
    "data": [
      {
        "text": "I did not try",
        "userDefined": false
      }
    ],
    "isTemplate": false,
    "count": 0,
    "updated": 1551720981
  },
  {
    "id": "69fcfc21-1782-41fd-9a5d-fa21af38c937",
    "data": [
      {
        "text": "going to test it",
        "userDefined": false
      }
    ],
    "isTemplate": false,
    "count": 0,
    "updated": 1551720981
  },
  {
    "id": "cd31d7e4-ddb9-4b59-bb6a-f49bc1183b81",
    "data": [
      {
        "text": "just installed it",
        "userDefined": false
      }
    ],
    "isTemplate": false,
    "count": 0,
    "updated": 1551720981
  },
  {
    "id": "c08f54a0-779d-4b67-bc1f-57b292cf7f6f",
    "data": [
      {
        "text": "will do it later",
        "userDefined": false
      }
    ],
    "isTemplate": false,
    "count": 1,
    "updated": 1551337277
  },
  {
    "id": "4f2c81a4-d995-4a8c-9ed5-43593538b324",
    "data": [
      {
        "text": "Not now",
        "userDefined": false
      }
    ],
    "isTemplate": false,
    "count": 0,
    "updated": 1551337277
  },
  {
    "id": "acfbde9a-2ee4-42ac-b236-b9d2f39502eb",
    "data": [
      {
        "text": "did not try the product",
        "userDefined": false
      }
    ],
    "isTemplate": false,
    "count": 0,
    "updated": 1551337277
  },
  {
    "id": "2a07007a-9ca8-46e7-b5d9-b157f4abb569",
    "data": [
      {
        "text": "I don\u0027t know",
        "userDefined": false
      }
    ],
    "isTemplate": false,
    "count": 0,
    "updated": 1551337277
  },
  {
    "id": "923d5017-27ad-41ec-a43a-b5176258a539",
    "data": [
      {
        "text": "I have no idea",
        "userDefined": false
      }
    ],
    "isTemplate": false,
    "count": 0,
    "updated": 1551720981
  },
  {
    "id": "07a317e1-ad5b-4d31-8a2c-a5f4fbe6c192",
    "data": [
      {
        "text": "I have not tried yet",
        "userDefined": false
      }
    ],
    "isTemplate": false,
    "count": 0,
    "updated": 1551720981
  },
  {
    "id": "186e4f70-8071-4ce3-a78f-7da9e51fc605",
    "data": [
      {
        "text": "next time",
        "userDefined": false
      }
    ],
    "isTemplate": false,
    "count": 0,
    "updated": 1551337277
  }
]