[
  {
    "id": "309e33db-f0b7-4036-a015-465dc992e338",
    "data": [
      {
        "text": "set up Rve",
        "userDefined": false
      }
    ],
    "isTemplate": false,
    "count": 0
  },
  {
    "id": "319bb94c-e14f-4402-9d34-ecdbbd0a20ec",
    "data": [
      {
        "text": "set up reply via email",
        "userDefined": false
      }
    ],
    "isTemplate": false,
    "count": 0
  },
  {
    "id": "f780d58d-0a86-4a0b-b853-445f2b79b3d6",
    "data": [
      {
        "text": "enable Rve",
        "userDefined": false
      }
    ],
    "isTemplate": false,
    "count": 0
  },
  {
    "id": "a0a1fbed-1f01-43aa-b877-5eb34ac4e6de",
    "data": [
      {
        "text": "Social Squared RvE",
        "userDefined": false
      }
    ],
    "isTemplate": false,
    "count": 0
  },
  {
    "id": "d07fe20a-1f1b-4d1b-a2cf-7f8d1a60bfa9",
    "data": [
      {
        "text": "activate reply via email feature",
        "userDefined": false
      }
    ],
    "isTemplate": false,
    "count": 0
  },
  {
    "id": "01bdaac4-beae-45c1-9e7a-ea17327c35cd",
    "data": [
      {
        "text": "enable reply via email web feature",
        "userDefined": false
      }
    ],
    "isTemplate": false,
    "count": 0
  },
  {
    "id": "22afd671-eed5-4c1a-8aa4-68ac5e2f2423",
    "data": [
      {
        "text": "Social Squared email reply",
        "userDefined": false
      }
    ],
    "isTemplate": false,
    "count": 0
  },
  {
    "id": "0a9bc9cb-33b5-4375-a2cb-3f7b2b1ffe16",
    "data": [
      {
        "text": "email notification",
        "userDefined": false
      }
    ],
    "isTemplate": false,
    "count": 0
  },
  {
    "id": "60656e8a-acce-4bc3-aa8e-f67367dc1cb9",
    "data": [
      {
        "text": "enable Social Squared reply via email",
        "userDefined": false
      }
    ],
    "isTemplate": false,
    "count": 0
  },
  {
    "id": "e379ca8a-e74b-4f0d-b7c1-58cd67534c45",
    "data": [
      {
        "text": "Social Squared email subscription",
        "userDefined": false
      }
    ],
    "isTemplate": false,
    "count": 0
  },
  {
    "id": "b0212a9b-2dcc-4d19-b2d1-f5f6927bbd0c",
    "data": [
      {
        "text": "email alert",
        "userDefined": false
      }
    ],
    "isTemplate": false,
    "count": 0
  },
  {
    "id": "c51540dc-ce19-4dcc-ad9d-0177d49d247c",
    "data": [
      {
        "text": "reply via email",
        "userDefined": false
      }
    ],
    "isTemplate": false,
    "count": 0,
    "updated": 1551864230
  }
]