[
  {
    "id": "925ad983-3738-4456-8039-61a637aedd72",
    "data": [
      {
        "text": "add custom css",
        "userDefined": false
      }
    ],
    "isTemplate": false,
    "count": 0
  },
  {
    "id": "0fb35176-7c99-4a38-8e93-d4e1d7cc4303",
    "data": [
      {
        "text": "change look and feel",
        "userDefined": false
      }
    ],
    "isTemplate": false,
    "count": 0
  },
  {
    "id": "1f4863c7-4924-4628-981c-9d4ae9d9a94d",
    "data": [
      {
        "text": "custom look and feel",
        "userDefined": false
      }
    ],
    "isTemplate": false,
    "count": 0
  },
  {
    "id": "9bc0c7b6-b50c-4592-9a14-8bdf28b34a49",
    "data": [
      {
        "text": "Is it possible to apply  a custom style for Social Squared?",
        "userDefined": false
      }
    ],
    "isTemplate": false,
    "count": 0,
    "updated": 1551894427
  },
  {
    "id": "ed345790-e4b4-4ad1-8725-e5df59431e58",
    "data": [
      {
        "text": "How can I use custom look and feel for Social Squared 2016?",
        "userDefined": false
      }
    ],
    "isTemplate": false,
    "count": 0,
    "updated": 1551893532
  },
  {
    "id": "3ceb7fbd-e73c-4bbc-9133-d3a267ccd01a",
    "data": [
      {
        "text": "How to apply a custom look and feel for Social Squared 2013?",
        "userDefined": false
      }
    ],
    "isTemplate": false,
    "count": 0,
    "updated": 1551893532
  },
  {
    "id": "7913741e-7498-47b1-aa04-15f23d444e63",
    "data": [
      {
        "text": "Is it possible to apply custom styling to Social Squared 2016?",
        "userDefined": false
      }
    ],
    "isTemplate": false,
    "count": 0,
    "updated": 1551893532
  },
  {
    "id": "582607ef-213a-41f8-adf4-4e3e6d096034",
    "data": [
      {
        "text": "How can I style Social Squared forums?",
        "userDefined": false
      }
    ],
    "isTemplate": false,
    "count": 0,
    "updated": 1551893532
  },
  {
    "id": "ec181c6b-4787-433c-862b-62c4626ef37b",
    "data": [
      {
        "text": "How can I apply a style to Social Squared ?",
        "userDefined": false
      }
    ],
    "isTemplate": false,
    "count": 0,
    "updated": 1551893034
  },
  {
    "id": "ecf40e61-78ff-4a0d-8db7-2c6ff5be47ab",
    "data": [
      {
        "text": "How can I change the look and feel of Social Squared?",
        "userDefined": false
      }
    ],
    "isTemplate": false,
    "count": 0,
    "updated": 1551893034
  },
  {
    "id": "c88fbeee-cdf1-43cd-a449-35c750488107",
    "data": [
      {
        "text": "How can I change styling of Social Squared?",
        "userDefined": false
      }
    ],
    "isTemplate": false,
    "count": 0,
    "updated": 1551867018
  }
]