[
  {
    "id": "f9dbc62d-bea1-4d2c-8d88-0546701519c6",
    "data": [
      {
        "text": "How to get product activation link?",
        "userDefined": false
      }
    ],
    "isTemplate": false,
    "count": 0,
    "updated": 1551718428
  },
  {
    "id": "d758ad1c-a476-4c5a-876e-2d5f1c4b741d",
    "data": [
      {
        "text": "Steps to activate the product",
        "userDefined": false
      }
    ],
    "isTemplate": false,
    "count": 0,
    "updated": 1551718428
  },
  {
    "id": "378ebfca-d751-400f-81e9-f350a59e06f9",
    "data": [
      {
        "text": "activate trial license",
        "userDefined": false
      }
    ],
    "isTemplate": false,
    "count": 0,
    "updated": 1551718428
  },
  {
    "id": "896548f6-155a-4ee3-8a56-d0566cf4c5a5",
    "data": [
      {
        "text": "how to activate the product",
        "userDefined": false
      }
    ],
    "isTemplate": false,
    "count": 0,
    "updated": 1551360881
  },
  {
    "id": "d3ddb9da-6db3-4106-a5a3-14566152e669",
    "data": [
      {
        "text": "How to activate Social Squared",
        "userDefined": false
      }
    ],
    "isTemplate": false,
    "count": 0,
    "updated": 1551718428
  },
  {
    "id": "54170cc9-b255-4382-8805-9941c66e8911",
    "data": [
      {
        "text": "check license information",
        "userDefined": false
      }
    ],
    "isTemplate": false,
    "count": 0,
    "updated": 1551718428
  },
  {
    "id": "7e12a365-b971-47cc-8caf-2ef695b88f68",
    "data": [
      {
        "text": "activate trial without internet access",
        "userDefined": false
      }
    ],
    "isTemplate": false,
    "count": 0,
    "updated": 1551718428
  },
  {
    "id": "3f21626f-11f3-4490-9bbd-6061ddbb6cc7",
    "data": [
      {
        "text": "Activate trial with Internet Access",
        "userDefined": false
      }
    ],
    "isTemplate": false,
    "count": 1,
    "updated": 1551367996
  },
  {
    "id": "bcd81e55-176b-45db-b1ec-8744be3b1943",
    "data": [
      {
        "text": "receive the license key",
        "userDefined": false
      }
    ],
    "isTemplate": false,
    "count": 0,
    "updated": 1551718428
  },
  {
    "id": "c7a25bbb-307f-4631-8630-06cf1fc54fba",
    "data": [
      {
        "text": "request trial extension",
        "userDefined": false
      }
    ],
    "isTemplate": false,
    "count": 0,
    "updated": 1551367996
  },
  {
    "id": "476debe0-129d-4b9e-9431-90cb4f4be2f4",
    "data": [
      {
        "text": "Social Squared activation request",
        "userDefined": false
      }
    ],
    "isTemplate": false,
    "count": 0,
    "updated": 1551718428
  },
  {
    "id": "93bef21d-9888-483a-b7a1-022e418b6fa7",
    "data": [
      {
        "text": "Where is the product activation key",
        "userDefined": false
      }
    ],
    "isTemplate": false,
    "count": 0,
    "updated": 1551718428
  },
  {
    "id": "916cc0de-c715-469d-9850-cd39ff28987c",
    "data": [
      {
        "text": "license key",
        "userDefined": false
      }
    ],
    "isTemplate": false,
    "count": 1,
    "updated": 1551718428
  },
  {
    "id": "6d4f85b9-8ce8-423f-b0eb-807eebfd4e00",
    "data": [
      {
        "text": "Web Front-ends license purchase",
        "userDefined": false
      }
    ],
    "isTemplate": false,
    "count": 0,
    "updated": 1551367996
  },
  {
    "id": "f8f2e801-b3de-487f-9268-101f2da64833",
    "data": [
      {
        "text": "14 days",
        "meta": "@sys.ignore",
        "userDefined": false
      },
      {
        "text": " trial activation",
        "userDefined": false
      }
    ],
    "isTemplate": false,
    "count": 1,
    "updated": 1551367996
  },
  {
    "id": "95187408-8e68-45c5-8903-33bd3ab08dcb",
    "data": [
      {
        "text": "product to be licensed",
        "userDefined": false
      }
    ],
    "isTemplate": false,
    "count": 0,
    "updated": 1551367996
  },
  {
    "id": "b48d7ce9-03d7-4252-bdec-bd16a00a7a67",
    "data": [
      {
        "text": "Social Squared  activation",
        "userDefined": false
      }
    ],
    "isTemplate": false,
    "count": 1,
    "updated": 1551367114
  },
  {
    "id": "58f9d18a-5b12-4a25-971a-4f91e8c70b52",
    "data": [
      {
        "text": "full version",
        "userDefined": false
      }
    ],
    "isTemplate": false,
    "count": 0,
    "updated": 1551360881
  },
  {
    "id": "f3440010-49bf-4d28-b948-21e0273ae434",
    "data": [
      {
        "text": "trial  expired",
        "userDefined": false
      }
    ],
    "isTemplate": false,
    "count": 0,
    "updated": 1551360881
  }
]