[
  {
    "id": "56bfcf27-f4bf-4094-82c7-b1e1d7e2b0b5",
    "data": [
      {
        "text": "Social Squared 2019",
        "meta": "@sys.ignore",
        "userDefined": false
      }
    ],
    "isTemplate": false,
    "count": 0
  },
  {
    "id": "c00354a5-9786-4643-b093-3659a045aa34",
    "data": [
      {
        "text": "Social Squared 2016",
        "meta": "@sys.ignore",
        "userDefined": false
      }
    ],
    "isTemplate": false,
    "count": 0
  },
  {
    "id": "b34a279d-72d2-41a4-ad50-d11c920f1123",
    "data": [
      {
        "text": "Social Squared 2013",
        "meta": "@sys.ignore",
        "userDefined": false
      }
    ],
    "isTemplate": false,
    "count": 0
  },
  {
    "id": "bc9b8fdd-08df-4ca0-9fe9-2fee8352b286",
    "data": [
      {
        "text": "Social Squared 2010",
        "meta": "@sys.ignore",
        "userDefined": false
      }
    ],
    "isTemplate": false,
    "count": 0
  },
  {
    "id": "8c9c4193-f33a-4b07-963c-60e726c81113",
    "data": [
      {
        "text": "on premise",
        "userDefined": false
      }
    ],
    "isTemplate": false,
    "count": 0,
    "updated": 1551531158
  },
  {
    "id": "026d2fef-dfc0-49b8-8f1d-299017a31573",
    "data": [
      {
        "text": "on-premise",
        "userDefined": false
      }
    ],
    "isTemplate": false,
    "count": 0,
    "updated": 1551531158
  },
  {
    "id": "cc51c5f9-1563-4331-89e6-3b6f8de1706a",
    "data": [
      {
        "text": "on prem",
        "userDefined": false
      }
    ],
    "isTemplate": false,
    "count": 0,
    "updated": 1551289218
  },
  {
    "id": "db8adeab-51d2-4df0-9cb3-51e83c1a23f4",
    "data": [
      {
        "text": "social squared on-prem",
        "userDefined": false
      }
    ],
    "isTemplate": false,
    "count": 0,
    "updated": 1551289218
  }
]