[
  {
    "id": "ad37fd7b-64f8-4853-bd9c-a7ae9177c3e9",
    "data": [
      {
        "text": "Social Squared group chat",
        "userDefined": false
      }
    ],
    "isTemplate": false,
    "count": 0
  },
  {
    "id": "a65da24f-f820-4199-84a9-c7d54b01bab6",
    "data": [
      {
        "text": "live chat",
        "userDefined": false
      }
    ],
    "isTemplate": false,
    "count": 0
  },
  {
    "id": "121141fc-b684-45e4-80de-ab358a9d2a33",
    "data": [
      {
        "text": "Social Squared real time chat",
        "userDefined": false
      }
    ],
    "isTemplate": false,
    "count": 0
  },
  {
    "id": "d1eaeb0a-843a-4b50-8159-d5e85db9ad29",
    "data": [
      {
        "text": "Social Squared pear to pear talk",
        "userDefined": false
      }
    ],
    "isTemplate": false,
    "count": 0
  },
  {
    "id": "4cc69fb1-72e9-4714-b511-d8a071ec41a8",
    "data": [
      {
        "text": "private messaging",
        "userDefined": false
      }
    ],
    "isTemplate": false,
    "count": 0
  },
  {
    "id": "9ad1cd6d-57d3-4098-8e48-b120ecff4d84",
    "data": [
      {
        "text": "text messaging",
        "userDefined": false
      }
    ],
    "isTemplate": false,
    "count": 0
  },
  {
    "id": "db81cd18-2261-4212-848e-5d8f1c96b55b",
    "data": [
      {
        "text": "Social Squared team members communication",
        "userDefined": false
      }
    ],
    "isTemplate": false,
    "count": 0
  },
  {
    "id": "3f1e3618-2cab-49fa-b90e-d74d45a24ed4",
    "data": [
      {
        "text": "Social Squared instant messaging",
        "userDefined": false
      }
    ],
    "isTemplate": false,
    "count": 0
  },
  {
    "id": "e3368f33-fbb4-434f-8ba2-f8cb672921a9",
    "data": [
      {
        "text": "Social Squared chat",
        "userDefined": false
      }
    ],
    "isTemplate": false,
    "count": 0,
    "updated": 1551864163
  }
]