[
  {
    "id": "d18e52a4-a37c-4bda-9577-97910518856c",
    "data": [
      {
        "text": "upgrade Social Squared to 2013",
        "userDefined": false
      }
    ],
    "isTemplate": false,
    "count": 0
  },
  {
    "id": "2c3dec88-f618-41d1-889d-ba38f00230bc",
    "data": [
      {
        "text": "upgrade ",
        "userDefined": false
      },
      {
        "text": "to 2016",
        "meta": "@sys.ignore",
        "userDefined": false
      }
    ],
    "isTemplate": false,
    "count": 0
  },
  {
    "id": "6d38bf2e-a126-4fbf-b997-712b85ebadfe",
    "data": [
      {
        "text": "Social Squared update script",
        "userDefined": false
      }
    ],
    "isTemplate": false,
    "count": 0
  },
  {
    "id": "0438ed8f-f883-4301-9ed0-6188e5d325dc",
    "data": [
      {
        "text": "Update latest version of Social Squared",
        "userDefined": false
      }
    ],
    "isTemplate": false,
    "count": 0
  },
  {
    "id": "b424fa18-7211-4133-ba5b-0d53ddaac505",
    "data": [
      {
        "text": "Update Social Squared WSP",
        "userDefined": false
      }
    ],
    "isTemplate": false,
    "count": 0
  },
  {
    "id": "d7322c90-f7d1-493e-9662-eb51f2d02ced",
    "data": [
      {
        "text": "Social Squared database update",
        "userDefined": false
      }
    ],
    "isTemplate": false,
    "count": 0
  },
  {
    "id": "bb12aa1e-cc58-4531-8a97-89583f4f6e47",
    "data": [
      {
        "text": "move from ",
        "userDefined": false
      },
      {
        "text": "one",
        "meta": "@sys.ignore",
        "userDefined": false
      },
      {
        "text": " Social Squared version to another",
        "userDefined": false
      }
    ],
    "isTemplate": false,
    "count": 0
  },
  {
    "id": "7594972b-eec8-4f61-8cbb-6366f8ab2bb3",
    "data": [
      {
        "text": "Upgrade Social Squared versions",
        "userDefined": false
      }
    ],
    "isTemplate": false,
    "count": 0
  }
]