[
  {
    "id": "af85bdbb-0b69-4b56-be31-4982427f26d1",
    "data": [
      {
        "text": "Social Squared secure store",
        "userDefined": false
      }
    ],
    "isTemplate": false,
    "count": 0
  },
  {
    "id": "034072a1-7127-48b6-a9c2-6f2d65ac5012",
    "data": [
      {
        "text": "secure store configuration",
        "userDefined": false
      }
    ],
    "isTemplate": false,
    "count": 0
  },
  {
    "id": "f59fbcd8-56ba-4960-a598-af362e734266",
    "data": [
      {
        "text": "Social Squared connection string",
        "userDefined": false
      }
    ],
    "isTemplate": false,
    "count": 0
  },
  {
    "id": "efe06ae4-db96-481d-8fd7-402fc69ab137",
    "data": [
      {
        "text": "authentication and connection string",
        "userDefined": false
      }
    ],
    "isTemplate": false,
    "count": 0
  },
  {
    "id": "d88f5fb5-60e9-47a3-a31d-3607250e66f4",
    "data": [
      {
        "text": "Social Squared connection string error",
        "userDefined": false
      }
    ],
    "isTemplate": false,
    "count": 0
  },
  {
    "id": "cb01e983-8579-4552-9c09-ba788051010a",
    "data": [
      {
        "text": "double hope issue",
        "userDefined": false
      }
    ],
    "isTemplate": false,
    "count": 0
  },
  {
    "id": "4bede6b1-7432-4114-b31d-29d3687e49fc",
    "data": [
      {
        "text": "passthrough authentication failure",
        "userDefined": false
      }
    ],
    "isTemplate": false,
    "count": 0
  },
  {
    "id": "1139e4af-c5bd-4abf-8a92-8d979c48ddd8",
    "data": [
      {
        "text": "authentication failure",
        "userDefined": false
      }
    ],
    "isTemplate": false,
    "count": 0
  },
  {
    "id": "f7966e6f-b1d0-4872-9236-28ad83271907",
    "data": [
      {
        "text": "NTLM protocol",
        "userDefined": false
      }
    ],
    "isTemplate": false,
    "count": 0
  },
  {
    "id": "c6319dc7-ab7b-4543-b801-d886b01bc673",
    "data": [
      {
        "text": "Windows Authentication",
        "userDefined": false
      }
    ],
    "isTemplate": false,
    "count": 0
  },
  {
    "id": "ab4596c8-9d8e-44a2-94fb-94c8e18fd3fc",
    "data": [
      {
        "text": "Login failed for user",
        "userDefined": false
      }
    ],
    "isTemplate": false,
    "count": 0
  },
  {
    "id": "59888541-f03f-4236-875a-9c09ca085c4c",
    "data": [
      {
        "text": "Login failed for user NT AUTHORITY\\ANONYMOUS LOGON",
        "userDefined": false
      }
    ],
    "isTemplate": false,
    "count": 0
  },
  {
    "id": "63faad38-c29c-4671-8cec-4cbc739af0b3",
    "data": [
      {
        "text": "Social Squared double hop issue",
        "userDefined": false
      }
    ],
    "isTemplate": false,
    "count": 0
  },
  {
    "id": "c00d7385-b309-43cb-ab07-9fb82f92c948",
    "data": [
      {
        "text": "double-hop",
        "userDefined": false
      }
    ],
    "isTemplate": false,
    "count": 0,
    "updated": 1551864205
  }
]