[
  {
    "id": "0334d1c5-9cc8-4f7d-8740-bf9321f1f008",
    "data": [
      {
        "text": "Social Squared phone 2013 app configuration",
        "userDefined": false
      }
    ],
    "isTemplate": false,
    "count": 0
  },
  {
    "id": "b798464f-2443-41f1-8234-40a70dd611ee",
    "data": [
      {
        "text": "How to set up Social Squared 2016 mobile app?",
        "userDefined": false
      }
    ],
    "isTemplate": false,
    "count": 0
  },
  {
    "id": "89b2e90d-798c-4f80-b673-38a6610b5d5b",
    "data": [
      {
        "text": "Social Squared 2016 IOS app",
        "userDefined": false
      }
    ],
    "isTemplate": false,
    "count": 0,
    "updated": 1551346004
  },
  {
    "id": "aa1de49c-89a6-4593-bff7-078b13f5d5dd",
    "data": [
      {
        "text": "How to configure Social Squared 2013 mobile app web service?",
        "userDefined": false
      }
    ],
    "isTemplate": false,
    "count": 0
  },
  {
    "id": "3c5656cb-c57c-417d-9b3c-3e0fca8c6255",
    "data": [
      {
        "text": "Is Social Squared 2016 mobile app available ?",
        "userDefined": false
      }
    ],
    "isTemplate": false,
    "count": 0
  },
  {
    "id": "685b8b72-e821-4dcb-9e8d-c43728449222",
    "data": [
      {
        "text": "How to configure Social Squared 2013 mobile app service?",
        "userDefined": false
      }
    ],
    "isTemplate": false,
    "count": 0
  },
  {
    "id": "2cf540df-93c5-4ad0-881f-f7ec13ec17f2",
    "data": [
      {
        "text": "mobile version",
        "userDefined": false
      }
    ],
    "isTemplate": false,
    "count": 0
  },
  {
    "id": "8d339fb1-514a-496e-93c0-79a785404430",
    "data": [
      {
        "text": "Social Squared 2010 Mobile app",
        "userDefined": false
      }
    ],
    "isTemplate": false,
    "count": 0,
    "updated": 1551344688
  },
  {
    "id": "9293ae8a-10d1-408e-a517-2f0264dafe8e",
    "data": [
      {
        "text": "Android app for Social Squared 2010",
        "userDefined": false
      }
    ],
    "isTemplate": false,
    "count": 0,
    "updated": 1551346004
  },
  {
    "id": "87dc7ab7-6409-47f3-8597-82edff2a678b",
    "data": [
      {
        "text": "on-prem mobile app",
        "userDefined": false
      }
    ],
    "isTemplate": false,
    "count": 0,
    "updated": 1551344688
  },
  {
    "id": "121d30ae-516a-45ab-a0a7-cbaafec801b7",
    "data": [
      {
        "text": "forum mobile app for ",
        "userDefined": false
      },
      {
        "text": "2016",
        "meta": "@sys.ignore",
        "userDefined": false
      }
    ],
    "isTemplate": false,
    "count": 0,
    "updated": 1551344688
  },
  {
    "id": "b647fc64-3e5e-449f-bb98-77c826ac2231",
    "data": [
      {
        "text": "Do you have a phone app for ",
        "userDefined": false
      },
      {
        "text": "Social Squared 2010?",
        "meta": "@sys.ignore",
        "userDefined": false
      }
    ],
    "isTemplate": false,
    "count": 0,
    "updated": 1551344688
  },
  {
    "id": "edafe709-a29d-4d0d-b49a-927ee298acf3",
    "data": [
      {
        "text": "Is it possible to configure Social Squared phone app service on IIS?",
        "userDefined": false
      }
    ],
    "isTemplate": false,
    "count": 0
  }
]