[
  {
    "id": "e5db13b7-cd75-45ee-9887-2593db05b9dd",
    "data": [
      {
        "text": "What about licensing?",
        "userDefined": false
      }
    ],
    "isTemplate": false,
    "count": 0
  },
  {
    "id": "a5407a8b-13b1-45bf-a8bf-8c5191678f7b",
    "data": [
      {
        "text": "Social Squared licensing",
        "userDefined": false
      }
    ],
    "isTemplate": false,
    "count": 0
  },
  {
    "id": "c9b0024e-c184-4360-8b8b-3fc643927c15",
    "data": [
      {
        "text": "How is Social Squared forums Licensed?",
        "userDefined": false
      }
    ],
    "isTemplate": false,
    "count": 0
  },
  {
    "id": "bc01712e-178d-4d12-80d3-28d438867dab",
    "data": [
      {
        "text": "May I know the product price?",
        "userDefined": false
      }
    ],
    "isTemplate": false,
    "count": 0,
    "updated": 1551634945
  },
  {
    "id": "ee022e8f-8e1b-4d27-9782-b190481f8e1c",
    "data": [
      {
        "text": "Tell me  ",
        "userDefined": false
      },
      {
        "text": "Social Squared 2013",
        "meta": "@sys.ignore",
        "userDefined": true
      },
      {
        "text": " price",
        "userDefined": false
      }
    ],
    "isTemplate": false,
    "count": 0,
    "updated": 1551289636
  },
  {
    "id": "a418894a-5d22-4d21-8398-ebc5ea9a93d4",
    "data": [
      {
        "text": "Social Squared SharePoint Web Part Pricing",
        "userDefined": false
      }
    ],
    "isTemplate": false,
    "count": 0,
    "updated": 1551634945
  },
  {
    "id": "347aa259-005a-4514-9529-002712a4eb5f",
    "data": [
      {
        "text": "Client side web part",
        "meta": "@sys.ignore",
        "userDefined": true
      },
      {
        "text": " price",
        "userDefined": false
      }
    ],
    "isTemplate": false,
    "count": 0,
    "updated": 1551634945
  },
  {
    "id": "fde796cf-e632-4d2d-9241-fd30b9ce830c",
    "data": [
      {
        "text": "Product price",
        "userDefined": false
      }
    ],
    "isTemplate": false,
    "count": 0,
    "updated": 1551634945
  },
  {
    "id": "34843899-4c61-44ea-bca0-efe65e18fa29",
    "data": [
      {
        "text": "Social Squared 2016",
        "meta": "@sys.ignore",
        "userDefined": true
      },
      {
        "text": " Production WFE License",
        "userDefined": false
      }
    ],
    "isTemplate": false,
    "count": 0,
    "updated": 1551634945
  },
  {
    "id": "5435bbc3-a324-4174-9cb4-45ed90f24498",
    "data": [
      {
        "text": "Farm License",
        "userDefined": false
      }
    ],
    "isTemplate": false,
    "count": 0,
    "updated": 1551634945
  },
  {
    "id": "2ac230e4-b44c-4da4-b754-7959cea0d159",
    "data": [
      {
        "text": "Annual Subscription",
        "userDefined": false
      }
    ],
    "isTemplate": false,
    "count": 0,
    "updated": 1551634945
  },
  {
    "id": "c2067e6c-8252-403d-9efb-f020fa7d3fb1",
    "data": [
      {
        "text": "Perpetual Licences",
        "userDefined": false
      }
    ],
    "isTemplate": false,
    "count": 0,
    "updated": 1551634945
  },
  {
    "id": "1b5c0884-595b-4940-889b-c042977e7e06",
    "data": [
      {
        "text": "Social Squared pricing",
        "userDefined": false
      }
    ],
    "isTemplate": false,
    "count": 1,
    "updated": 1551634945
  },
  {
    "id": "03ae11a3-e46c-4d57-921b-031b5c22d6c6",
    "data": [
      {
        "text": "How much is ",
        "userDefined": false
      },
      {
        "text": "2016",
        "meta": "@sys.ignore",
        "userDefined": false
      },
      {
        "text": " version",
        "userDefined": false
      }
    ],
    "isTemplate": false,
    "count": 0,
    "updated": 1551272420
  },
  {
    "id": "477e07d5-dc1a-4462-82cc-9b0168e315b7",
    "data": [
      {
        "text": "I would like to know ",
        "userDefined": false
      },
      {
        "text": "Social Squared 2010",
        "meta": "@sys.ignore",
        "userDefined": false
      },
      {
        "text": " price",
        "userDefined": false
      }
    ],
    "isTemplate": false,
    "count": 0,
    "updated": 1551272352
  },
  {
    "id": "cc64a7f5-1d69-4ed7-a843-96df2b60c9ed",
    "data": [
      {
        "text": "What is the price of ",
        "userDefined": false
      },
      {
        "text": "2010",
        "meta": "@sys.ignore",
        "userDefined": false
      },
      {
        "text": " version",
        "userDefined": false
      }
    ],
    "isTemplate": false,
    "count": 0,
    "updated": 1551272352
  }
]