[
  {
    "id": "744099a5-fe0d-40bc-9b94-d397d8b5db60",
    "data": [
      {
        "text": "Is Social Squared ",
        "userDefined": false
      },
      {
        "text": "client-side web part",
        "meta": "@sys.ignore",
        "userDefined": false
      },
      {
        "text": " is similar to Microsoft Teams",
        "userDefined": false
      }
    ],
    "isTemplate": false,
    "count": 0,
    "updated": 1551893185
  },
  {
    "id": "126b964d-dd4a-48f4-8d46-6cf2b97534f1",
    "data": [
      {
        "text": "Is Social Squared forums similar to Microsoft Teams",
        "userDefined": false
      }
    ],
    "isTemplate": false,
    "count": 0,
    "updated": 1551886757
  },
  {
    "id": "6d42b8c5-2abf-4535-ad66-90cbda458359",
    "data": [
      {
        "text": "Compare Social Squared forums and Microsoft Teams",
        "userDefined": false
      }
    ],
    "isTemplate": false,
    "count": 0,
    "updated": 1551886757
  },
  {
    "id": "63bdb29b-bd92-4020-a155-5086d60e6f25",
    "data": [
      {
        "text": "Social Squared forums vs Microsoft Teams",
        "userDefined": false
      }
    ],
    "isTemplate": false,
    "count": 0,
    "updated": 1551886757
  },
  {
    "id": "bc5d1987-49a1-4b45-93d3-ad63f01b75df",
    "data": [
      {
        "text": "Microsoft Teams as a forum",
        "userDefined": false
      }
    ],
    "isTemplate": false,
    "count": 0,
    "updated": 1551886757
  },
  {
    "id": "bbf8b07c-47a4-4db4-a286-32072749d1b1",
    "data": [
      {
        "text": "Social Squared and Microsoft Teams comparison",
        "userDefined": false
      }
    ],
    "isTemplate": false,
    "count": 0,
    "updated": 1551886757
  },
  {
    "id": "7b9adf29-4a68-4b8f-a1a7-5a717f3bc654",
    "data": [
      {
        "text": "Microsoft Teams vs Social Squared client side web part",
        "userDefined": false
      }
    ],
    "isTemplate": false,
    "count": 0,
    "updated": 1551893185
  },
  {
    "id": "c7025fb5-04a0-4884-a272-083c20c3de6f",
    "data": [
      {
        "text": "How Social Squared forum differs from Microsoft Teams?",
        "userDefined": false
      }
    ],
    "isTemplate": false,
    "count": 0,
    "updated": 1551886757
  },
  {
    "id": "f27101e9-4123-49fd-a1c8-bcb59d946c48",
    "data": [
      {
        "text": "What is the difference between Social Squared and Microsoft Teams?",
        "userDefined": false
      }
    ],
    "isTemplate": false,
    "count": 0,
    "updated": 1551886397
  }
]