[
  {
    "id": "052f5bc0-2603-45e8-834f-d5078d1ca58a",
    "data": [
      {
        "text": "Does the forum works on SharePoint modern sites?",
        "userDefined": false
      }
    ],
    "isTemplate": false,
    "count": 0,
    "updated": 1551892741
  },
  {
    "id": "fe4525a7-566f-41dc-83cd-e4a09657736d",
    "data": [
      {
        "text": "Is Social Squared forums available on modern teams sites?",
        "userDefined": false
      }
    ],
    "isTemplate": false,
    "count": 0,
    "updated": 1551892741
  },
  {
    "id": "fb66a30d-e153-4126-97e5-f85140324a7e",
    "data": [
      {
        "text": "Social Squared forums and Modern sites",
        "userDefined": false
      }
    ],
    "isTemplate": false,
    "count": 0,
    "updated": 1551892741
  },
  {
    "id": "9fb8fd48-d8ec-4185-a673-074b5d51952f",
    "data": [
      {
        "text": "Does Social Squared work on Modern Sites?",
        "userDefined": false
      }
    ],
    "isTemplate": false,
    "count": 1,
    "updated": 1551892741
  }
]