[
  {
    "id": "525eaa94-b12f-45f5-b3cc-3d6eead82c67",
    "data": [
      {
        "text": "How can I apply a custom style to Social Squared web part?",
        "userDefined": false
      }
    ],
    "isTemplate": false,
    "count": 0,
    "updated": 1551894884
  },
  {
    "id": "ff891a04-80a4-40cd-b66b-db20b5765469",
    "data": [
      {
        "text": "is it possible to apply custom styling to Social Squared forums?",
        "userDefined": false
      }
    ],
    "isTemplate": false,
    "count": 0,
    "updated": 1551894884
  },
  {
    "id": "2142cbc5-e788-4cd3-a24a-310bc30ebae0",
    "data": [
      {
        "text": "How can i style Social Squared SPFx?",
        "userDefined": false
      }
    ],
    "isTemplate": false,
    "count": 0,
    "updated": 1551894884
  },
  {
    "id": "d176b83f-9d0d-4330-8fb6-bd0f77b0baf6",
    "data": [
      {
        "text": "add custom css",
        "userDefined": false
      }
    ],
    "isTemplate": false,
    "count": 0
  },
  {
    "id": "d3825c6d-8a78-4185-8ca0-413c413abc61",
    "data": [
      {
        "text": "How to modify Social Squared look and feel?",
        "userDefined": false
      }
    ],
    "isTemplate": false,
    "count": 0,
    "updated": 1551894884
  },
  {
    "id": "829b9e09-2fa9-40bf-88cf-5789a43460a8",
    "data": [
      {
        "text": "How can I use custom look and feel for Social Squared client side web part?",
        "userDefined": false
      }
    ],
    "isTemplate": false,
    "count": 0,
    "updated": 1551894884
  },
  {
    "id": "1d4fff77-98db-406f-a076-b377bf634236",
    "data": [
      {
        "text": "change look and feel",
        "userDefined": false
      }
    ],
    "isTemplate": false,
    "count": 0
  },
  {
    "id": "09ac52ef-4d80-438e-a557-70ae27d133b1",
    "data": [
      {
        "text": "Is it possible to apply a custom look and feel for Social Squared?",
        "userDefined": false
      }
    ],
    "isTemplate": false,
    "count": 0,
    "updated": 1551894884
  },
  {
    "id": "70c6517e-db6b-48b9-a244-b37ceb3a3a8b",
    "data": [
      {
        "text": "How can I change styling of Social Squared ",
        "userDefined": false
      },
      {
        "text": "client side web part",
        "meta": "@sys.ignore",
        "userDefined": false
      },
      {
        "text": "?",
        "userDefined": false
      }
    ],
    "isTemplate": false,
    "count": 0,
    "updated": 1551894884
  },
  {
    "id": "630aec43-5e84-4edf-8c4f-35b079549d20",
    "data": [
      {
        "text": "custom look and feel",
        "userDefined": false
      }
    ],
    "isTemplate": false,
    "count": 0
  },
  {
    "id": "21b8e2e8-08d7-40cc-847d-dd1d06930f84",
    "data": [
      {
        "text": "How to apply a custom look and feel for Social Squared client side web part?",
        "userDefined": false
      }
    ],
    "isTemplate": false,
    "count": 0,
    "updated": 1551894884
  }
]