[
  {
    "id": "d7dcdc33-75ad-42ef-a8d9-344968db2497",
    "data": [
      {
        "text": "forum mobile app for ",
        "userDefined": false
      },
      {
        "text": "client side web part",
        "meta": "@sys.ignore",
        "userDefined": false
      }
    ],
    "isTemplate": false,
    "count": 0
  },
  {
    "id": "da136e45-5464-4386-98f4-60b8120857d7",
    "data": [
      {
        "text": "mobile version",
        "userDefined": false
      }
    ],
    "isTemplate": false,
    "count": 0
  },
  {
    "id": "277aacc9-dddc-4b5a-b049-1ff2fd614bcb",
    "data": [
      {
        "text": "Social Squared ",
        "userDefined": false
      },
      {
        "text": "client side web part",
        "meta": "@sys.ignore",
        "userDefined": false
      },
      {
        "text": " IOS phone app",
        "userDefined": false
      }
    ],
    "isTemplate": false,
    "count": 0
  },
  {
    "id": "99182098-cefe-482c-ad49-bc7ab0533257",
    "data": [
      {
        "text": "Is Social Squared mobile app available ?",
        "userDefined": false
      }
    ],
    "isTemplate": false,
    "count": 0
  },
  {
    "id": "a6ff8014-2ee1-45c1-861e-adbd5db9ff45",
    "data": [
      {
        "text": "Do you have a phone app for Social Squared client side web part?",
        "userDefined": false
      }
    ],
    "isTemplate": false,
    "count": 0
  },
  {
    "id": "a9047c2a-ec1d-44b5-8f34-84cd8aa03766",
    "data": [
      {
        "text": "Android mobile app for ",
        "userDefined": false
      },
      {
        "text": "SPFx",
        "meta": "@sys.ignore",
        "userDefined": false
      }
    ],
    "isTemplate": false,
    "count": 0
  },
  {
    "id": "165bdf79-db25-4ed6-9c93-b7b8756a1f0f",
    "data": [
      {
        "text": "Social Squared ",
        "userDefined": false
      },
      {
        "text": "SPFx",
        "meta": "@sys.ignore",
        "userDefined": false
      },
      {
        "text": " mobile app",
        "userDefined": false
      }
    ],
    "isTemplate": false,
    "count": 0
  }
]