[
  {
    "id": "3195413e-a0a6-4535-b072-df881eeb9593",
    "data": [
      {
        "text": "Social Squared online",
        "userDefined": false
      }
    ],
    "isTemplate": false,
    "count": 0
  },
  {
    "id": "ad521094-71ad-469f-80b4-42b31f77d0df",
    "data": [
      {
        "text": "spfx",
        "meta": "@sys.ignore",
        "userDefined": false
      }
    ],
    "isTemplate": false,
    "count": 0,
    "updated": 1551289176
  },
  {
    "id": "aba9b834-c874-4615-a55f-9e7f50ba2d7f",
    "data": [
      {
        "text": "Social Squared ",
        "userDefined": false
      },
      {
        "text": "SharePoint online",
        "meta": "@sys.ignore",
        "userDefined": false
      }
    ],
    "isTemplate": false,
    "count": 0
  },
  {
    "id": "511ca7ed-092f-4f18-8e38-1ece045b099a",
    "data": [
      {
        "text": "Social Squared client side web part",
        "userDefined": false
      }
    ],
    "isTemplate": false,
    "count": 0
  },
  {
    "id": "24ad7424-30be-4c91-88df-5958899ea4f9",
    "data": [
      {
        "text": "Social Squared ",
        "userDefined": false
      },
      {
        "text": "office 365",
        "meta": "@sys.ignore",
        "userDefined": false
      }
    ],
    "isTemplate": false,
    "count": 0
  },
  {
    "id": "cd37dc22-7839-4d7e-a097-e397947deb13",
    "data": [
      {
        "text": "client side web part",
        "meta": "@sys.ignore",
        "userDefined": false
      }
    ],
    "isTemplate": false,
    "count": 0,
    "updated": 1551289176
  },
  {
    "id": "7b62e944-4be0-4d7b-b89e-054435f71838",
    "data": [
      {
        "text": "Client-Side web part",
        "meta": "@sys.ignore",
        "userDefined": false
      }
    ],
    "isTemplate": false,
    "count": 0,
    "updated": 1551866720
  }
]