[
  {
    "id": "cf50caa5-ff80-4882-9ff9-07bf9dbf8abe",
    "data": [
      {
        "text": "Help center",
        "userDefined": false
      }
    ],
    "isTemplate": false,
    "count": 0,
    "updated": 1551527596
  },
  {
    "id": "50f3ccb3-76d1-4bdd-9b82-7ae8c692c0b5",
    "data": [
      {
        "text": "What is the support number?",
        "userDefined": false
      }
    ],
    "isTemplate": false,
    "count": 0,
    "updated": 1551526783
  },
  {
    "id": "02e7932c-3d10-41c0-a882-f1a76e8f18fa",
    "data": [
      {
        "text": "Get support",
        "userDefined": false
      }
    ],
    "isTemplate": false,
    "count": 0,
    "updated": 1551527159
  },
  {
    "id": "19ce761d-b6be-40fa-9dc1-b7a6676fa2d2",
    "data": [
      {
        "text": "Technical support number",
        "userDefined": false
      }
    ],
    "isTemplate": false,
    "count": 0,
    "updated": 1551527159
  },
  {
    "id": "9673f297-70ed-49d2-b01b-bc88ca5b4877",
    "data": [
      {
        "text": "question to support",
        "userDefined": false
      }
    ],
    "isTemplate": false,
    "count": 0,
    "updated": 1551526594
  },
  {
    "id": "abe25c91-543b-4ad5-bd64-4cd9019303c1",
    "data": [
      {
        "text": "contact support",
        "userDefined": false
      }
    ],
    "isTemplate": false,
    "count": 0,
    "updated": 1551286805
  },
  {
    "id": "00745aa0-8248-4b5d-a529-99060488efa2",
    "data": [
      {
        "text": "customer support",
        "userDefined": false
      }
    ],
    "isTemplate": false,
    "count": 0,
    "updated": 1551526699
  },
  {
    "id": "64600baa-5d9d-4bf6-bdee-1b1c1e594173",
    "data": [
      {
        "text": "I have a question to support?",
        "userDefined": false
      }
    ],
    "isTemplate": false,
    "count": 0,
    "updated": 1551526783
  },
  {
    "id": "4a23f65a-82b2-452c-9972-71291e5512c9",
    "data": [
      {
        "text": "support number",
        "userDefined": false
      }
    ],
    "isTemplate": false,
    "count": 0,
    "updated": 1551526488
  },
  {
    "id": "8efcaf76-160c-45e2-bce5-65f59706a42c",
    "data": [
      {
        "text": "customer service",
        "userDefined": false
      }
    ],
    "isTemplate": false,
    "count": 0,
    "updated": 1551526699
  },
  {
    "id": "08e88569-c7e5-422f-b522-3d9f9a17ff54",
    "data": [
      {
        "text": "Get in touch with support",
        "userDefined": false
      }
    ],
    "isTemplate": false,
    "count": 0,
    "updated": 1551527159
  },
  {
    "id": "1cccfe92-99b5-4a84-a376-3516b8cf46d2",
    "data": [
      {
        "text": "contact us",
        "userDefined": false
      }
    ],
    "isTemplate": false,
    "count": 0,
    "updated": 1551527159
  },
  {
    "id": "3af56da5-3ec3-49db-ac3d-4e78208fe829",
    "data": [
      {
        "text": "contact  Lightning Tools",
        "userDefined": false
      }
    ],
    "isTemplate": false,
    "count": 0,
    "updated": 1551527159
  },
  {
    "id": "ac9a1c9f-f6f2-4768-8450-2da0904d8ae6",
    "data": [
      {
        "text": "Ask a question",
        "userDefined": false
      }
    ],
    "isTemplate": false,
    "count": 0,
    "updated": 1551527722
  },
  {
    "id": "82ad34a0-b1eb-4b8e-9dde-10c27d05ea81",
    "data": [
      {
        "text": "can I contact  support?",
        "userDefined": false
      }
    ],
    "isTemplate": false,
    "count": 0,
    "updated": 1551526783
  },
  {
    "id": "89d59a81-5acd-4591-ae03-3126c2aab6c3",
    "data": [
      {
        "text": "I need to contact to support?",
        "userDefined": false
      }
    ],
    "isTemplate": false,
    "count": 0,
    "updated": 1551526783
  },
  {
    "id": "51bcc961-3d4a-4164-b58f-3cc0fc410723",
    "data": [
      {
        "text": "can I have support number?",
        "userDefined": false
      }
    ],
    "isTemplate": false,
    "count": 0,
    "updated": 1551526783
  },
  {
    "id": "528d61ec-8857-4d48-bb84-de668299bc4e",
    "data": [
      {
        "text": "Lightning Tools support",
        "userDefined": false
      }
    ],
    "isTemplate": false,
    "count": 0,
    "updated": 1551526594
  }
]