[
  {
    "id": "211a0fec-c187-4a88-8504-90c824aa39f4",
    "data": [
      {
        "text": "Does My Company need Social Squared forums?",
        "userDefined": false
      }
    ],
    "isTemplate": false,
    "count": 0,
    "updated": 1551870595
  },
  {
    "id": "d5cb4082-35e9-402a-8e78-fb154690e5c8",
    "data": [
      {
        "text": "Social Squared forums benefits",
        "userDefined": false
      }
    ],
    "isTemplate": false,
    "count": 0,
    "updated": 1551870875
  },
  {
    "id": "5b401c64-fe83-44e7-86e1-391d476a19c7",
    "data": [
      {
        "text": "What are the benefits of Social Squared forums?",
        "userDefined": false
      }
    ],
    "isTemplate": false,
    "count": 0,
    "updated": 1551870875
  },
  {
    "id": "dc9f607e-1f86-4567-aae7-de7548fa75f2",
    "data": [
      {
        "text": "what is Social Squared",
        "userDefined": false
      }
    ],
    "isTemplate": false,
    "count": 0
  },
  {
    "id": "d8507d48-3711-4770-ad1a-fcf89b9a1f98",
    "data": [
      {
        "text": "do you need Social Squared?",
        "userDefined": false
      }
    ],
    "isTemplate": false,
    "count": 0,
    "updated": 1551870875
  },
  {
    "id": "d5a6e449-114a-42aa-a661-98673a7d2e6e",
    "data": [
      {
        "text": "how do i benefit from Social Squared?",
        "userDefined": false
      }
    ],
    "isTemplate": false,
    "count": 0,
    "updated": 1551870875
  },
  {
    "id": "9a14525e-534d-4c6a-b19f-308db02c3f9a",
    "data": [
      {
        "text": "Why should my company use Social Squared forums?",
        "userDefined": false
      }
    ],
    "isTemplate": false,
    "count": 0,
    "updated": 1551870595
  },
  {
    "id": "2507ec12-7b23-413b-82b1-b4bd8db88f34",
    "data": [
      {
        "text": "Why do I need Social Squared?",
        "userDefined": false
      }
    ],
    "isTemplate": false,
    "count": 0,
    "updated": 1551870595
  }
]