[
  {
    "id": "400f55fb-ddd2-457b-99b5-4fc09c83b9fd",
    "data": [
      {
        "text": "Can you help me?",
        "userDefined": false
      }
    ],
    "isTemplate": false,
    "count": 0,
    "updated": 1551620104
  },
  {
    "id": "75e839fc-b4bc-4332-b092-7591c8950281",
    "data": [
      {
        "text": "on premise ",
        "userDefined": false
      },
      {
        "text": "2013",
        "meta": "@sys.ignore",
        "userDefined": false
      }
    ],
    "isTemplate": false,
    "count": 0,
    "updated": 1551348528
  },
  {
    "id": "8ef73ca7-8d25-4719-8539-62f546d61f94",
    "data": [
      {
        "text": "Is this forum?",
        "userDefined": false
      }
    ],
    "isTemplate": false,
    "count": 0,
    "updated": 1551620104
  },
  {
    "id": "8b87799b-224d-4e64-85d0-38fbd0bdfe3c",
    "data": [
      {
        "text": "May you help me?",
        "userDefined": false
      }
    ],
    "isTemplate": false,
    "count": 0,
    "updated": 1551524169
  },
  {
    "id": "6c4a5a96-0292-4d18-b92b-38580901d542",
    "data": [
      {
        "text": "help me",
        "userDefined": false
      }
    ],
    "isTemplate": false,
    "count": 0
  },
  {
    "id": "1dd2eef3-bf3c-4646-b628-016472d9e40d",
    "data": [
      {
        "text": "I need your help",
        "userDefined": false
      }
    ],
    "isTemplate": false,
    "count": 0,
    "updated": 1551871019
  },
  {
    "id": "82002bd2-db14-4ac1-b94a-6c0fe27ceff2",
    "data": [
      {
        "text": "Tell me about yourself",
        "userDefined": false
      }
    ],
    "isTemplate": false,
    "count": 0,
    "updated": 1551524169
  },
  {
    "id": "51b29c7b-75ac-4c67-aa58-f731847c6024",
    "data": [
      {
        "text": "I want to chat with you",
        "userDefined": false
      }
    ],
    "isTemplate": false,
    "count": 0,
    "updated": 1551524169
  },
  {
    "id": "9e5c65a3-791b-4225-81fa-f3f1164a0bea",
    "data": [
      {
        "text": "Lightning Tools Social Squared bot",
        "userDefined": false
      }
    ],
    "isTemplate": false,
    "count": 0,
    "updated": 1551524169
  },
  {
    "id": "776938a3-e5a1-4839-be9c-4e83d962af00",
    "data": [
      {
        "text": "sharepoint online",
        "meta": "@sys.ignore",
        "userDefined": false
      }
    ],
    "isTemplate": false,
    "count": 0,
    "updated": 1551532308
  },
  {
    "id": "5e5ee57e-dd1d-487e-863a-4666b1be2084",
    "data": [
      {
        "text": "Will you help me?",
        "userDefined": false
      }
    ],
    "isTemplate": false,
    "count": 0,
    "updated": 1551524169
  },
  {
    "id": "f44af7c9-cb2b-4a7a-a7bc-abf23ed51249",
    "data": [
      {
        "text": "help",
        "userDefined": false
      }
    ],
    "isTemplate": false,
    "count": 0,
    "updated": 1551524169
  },
  {
    "id": "4da0b7d7-5b7f-4a9b-89d4-658893c51287",
    "data": [
      {
        "text": "May I ask for you help?",
        "userDefined": false
      }
    ],
    "isTemplate": false,
    "count": 0,
    "updated": 1551524169
  },
  {
    "id": "cccf4401-64fc-44cd-9c6c-4b9f818202ce",
    "data": [
      {
        "text": "What is Social Squared?",
        "userDefined": false
      }
    ],
    "isTemplate": false,
    "count": 0,
    "updated": 1551620104
  },
  {
    "id": "bd54c0d2-6188-4b76-b95c-50881076e555",
    "data": [
      {
        "text": "Chat with me",
        "userDefined": false
      }
    ],
    "isTemplate": false,
    "count": 0,
    "updated": 1551524169
  },
  {
    "id": "8e46b4fe-6cfa-4ef9-b20a-5356f400dbc5",
    "data": [
      {
        "text": "I have a question. Can you help?",
        "userDefined": false
      }
    ],
    "isTemplate": false,
    "count": 0,
    "updated": 1551018244
  },
  {
    "id": "bbab769c-5721-4764-b0d8-bfb55cbccf67",
    "data": [
      {
        "text": "Is Social Squared forum?",
        "userDefined": false
      }
    ],
    "isTemplate": false,
    "count": 0,
    "updated": 1551620104
  },
  {
    "id": "905aee09-ab08-4d8c-a38f-d3122df6a5aa",
    "data": [
      {
        "text": "Is anyone available to chat?",
        "userDefined": false
      }
    ],
    "isTemplate": false,
    "count": 0,
    "updated": 1551018244
  },
  {
    "id": "275a0f81-651d-4772-abae-6d5ce5c30ff0",
    "data": [
      {
        "text": "social squared",
        "meta": "@sys.ignore",
        "userDefined": false
      }
    ],
    "isTemplate": false,
    "count": 0,
    "updated": 1551348528
  },
  {
    "id": "6a12727f-9525-4fb3-859b-20661a41fc7b",
    "data": [
      {
        "text": "Could you help me?",
        "userDefined": false
      }
    ],
    "isTemplate": false,
    "count": 0,
    "updated": 1551524169
  },
  {
    "id": "1cee839c-42c5-4a80-a509-0f7c1a05e58d",
    "data": [
      {
        "text": "social squared ",
        "userDefined": false
      },
      {
        "text": "office 365",
        "meta": "@sys.ignore",
        "userDefined": false
      }
    ],
    "isTemplate": false,
    "count": 0,
    "updated": 1551532308
  },
  {
    "id": "c0fb1a3d-140a-4a2e-853f-cfcb72484120",
    "data": [
      {
        "text": "office 365",
        "meta": "@sys.ignore",
        "userDefined": false
      },
      {
        "text": " app",
        "userDefined": false
      }
    ],
    "isTemplate": false,
    "count": 0,
    "updated": 1551532308
  },
  {
    "id": "4392be09-4cc5-4fbf-adb4-7017eea4a168",
    "data": [
      {
        "text": "I have a question",
        "userDefined": false
      }
    ],
    "isTemplate": false,
    "count": 0,
    "updated": 1551524169
  }
]