[
  {
    "id": "8f6c45ea-db52-40b7-bb2d-89306fb8649e",
    "data": [
      {
        "text": "How Social Squared forums differs from Yammer?",
        "userDefined": false
      }
    ],
    "isTemplate": false,
    "count": 0,
    "updated": 1551871643
  },
  {
    "id": "77dfc41b-0e72-4ba8-94a5-5ebff0af885f",
    "data": [
      {
        "text": "Yammer vs Social Squared",
        "userDefined": false
      }
    ],
    "isTemplate": false,
    "count": 0,
    "updated": 1551871643
  },
  {
    "id": "b90b9023-c495-41f9-8d0a-93f8331fae2c",
    "data": [
      {
        "text": "Social Squared and Yammer comparison",
        "userDefined": false
      }
    ],
    "isTemplate": false,
    "count": 0,
    "updated": 1551871643
  },
  {
    "id": "77f755a4-a85a-46e3-a18d-66ef814de1cb",
    "data": [
      {
        "text": "Yammer as a forum\u0027",
        "userDefined": false
      }
    ],
    "isTemplate": false,
    "count": 0,
    "updated": 1551871643
  },
  {
    "id": "ccbeba77-2e46-4e32-a11c-fa197919db5f",
    "data": [
      {
        "text": "Social Squared forums versus Yammer",
        "userDefined": false
      }
    ],
    "isTemplate": false,
    "count": 0,
    "updated": 1551871643
  },
  {
    "id": "229bef7f-da51-458e-8856-53320174d49a",
    "data": [
      {
        "text": "Compare Social Squared forums and Yammer",
        "userDefined": false
      }
    ],
    "isTemplate": false,
    "count": 0,
    "updated": 1551871643
  },
  {
    "id": "4e4c25c6-aca7-4acd-b55c-2b9b24f6828d",
    "data": [
      {
        "text": "Is Social Squared forums similar to Yammer?",
        "userDefined": false
      }
    ],
    "isTemplate": false,
    "count": 0,
    "updated": 1551871643
  },
  {
    "id": "8f259aab-bf16-4ce3-8bb5-806ad63519c1",
    "data": [
      {
        "text": "What is the difference between Social Squared and Yammer?",
        "userDefined": false
      }
    ],
    "isTemplate": false,
    "count": 0,
    "updated": 1551871643
  }
]