[
  {
    "value": "2010",
    "synonyms": [
      "Social Squared 2010",
      "on-prem 2010",
      "on prem 2010",
      "on-premises 2010",
      "2010"
    ]
  },
  {
    "value": "2013",
    "synonyms": [
      "Social Squared 2013",
      "on-prem 2013",
      "on-premises 2013",
      "on prem 2013",
      "2013"
    ]
  },
  {
    "value": "2016",
    "synonyms": [
      "Social Squared 2016",
      "on-prem 2016",
      "on prem 2016",
      "on-premises 2016",
      "2016"
    ]
  },
  {
    "value": "2019",
    "synonyms": [
      "Social Squared 2019",
      "on-prem 2019",
      "on prem 2019",
      "on-premises 2019",
      "2019"
    ]
  },
  {
    "value": "SPFx",
    "synonyms": [
      "Client side web part",
      "client-side web part",
      "Office 365",
      "SharePoint Online",
      "spfx"
    ]
  }
]